GeneID,GeneSymbol,Control_1,Control_2,Control_3,Control_4,Control_5,Control_6,Treatment_1,Treatment_2,Treatment_3,Treatment_4,Treatment_5,Treatment_6
ENSG100000,GENE0202,10.062,9.871,10.615,9.672,9.57,10.303,9.201,10.254,10.097,9.961,10.91,9.701
ENSG100001,GENE0234,10.753,8.979,8.163,9.208,8.319,8.571,9.462,9.585,8.671,9.921,10.053,10.269
ENSG100002,GENE0002,9.576,9.868,8.73,9.278,9.086,9.432,9.189,9.332,10.05,9.33,9.535,9.308
ENSG100003,GENE0194,3.359,3.314,3.594,4.049,4.354,3.507,7.592,6.49,7.163,7.814,7.767,7.353
ENSG100004,GENE0107,3.93,3.621,4.175,3.464,2.96,3.5,0.948,3.537,0.387,1.891,3.59,3.611
ENSG100005,GAPDH,10.282,10.667,12.447,10.862,13.193,11.274,11.624,12.658,11.388,10.419,11.182,11.245
ENSG100006,GENE0068,4.893,5.773,5.387,6.709,6.003,5.751,5.892,6.153,6.465,5.182,5.149,6.852
ENSG100007,GENE0225,4.877,4.553,5.152,5.159,4.516,5.083,5.246,5.13,5.213,4.557,5.116,4.912
ENSG100008,WNT1,6.633,7.342,7.66,7.825,7.574,6.828,7.071,7.287,6.949,6.954,7.317,6.855
ENSG100009,GENE0195,8.389,8.492,8.837,8.63,8.741,8.849,8.505,8.878,8.753,8.222,9.103,8.464
ENSG100010,GENE0132,10.951,11.174,11.183,11.575,11.456,11.433,11.783,11.68,11.672,11.706,11.781,10.786
ENSG100011,GENE0231,4.607,3.327,4.89,4.861,5.602,5.702,5.007,4.512,5.207,4.492,4.863,5.56
ENSG100012,GENE0155,10.842,11.835,11.741,10.553,11.957,11.757,11.322,10.693,10.623,10.857,11.643,10.552
ENSG100013,GPX1,2.583,1.3,2.093,2.332,4.117,1.196,3.374,2.363,2.563,2.339,2.588,2.131
ENSG100014,GENE0237,8.743,7.178,8.48,7.024,7.503,6.674,7.925,8.736,7.489,7.391,6.639,7.364
ENSG100015,GENE0134,7.155,7.661,8.508,9.321,10.429,7.904,9.407,8.521,8.227,8.661,8.386,8.422
ENSG100016,GENE0018,2.74,1.968,1.854,3.569,2.843,2.594,3.066,3.679,3.2,2.547,4.016,4.292
ENSG100017,TIMP1,3.566,3.724,3.812,3.776,3.606,3.6,1.596,1.063,1.655,0.978,1.163,1.854
ENSG100018,GENE0039,6.561,6.847,6.071,5.683,6.085,6.236,6.226,6.691,6.032,6.346,5.755,6.39
ENSG100019,GENE0125,11.664,11.158,11.504,11.538,11.48,12.855,14.68,14.583,13.335,14.145,14.57,14.285
ENSG100020,GENE0176,9.086,7.826,9.01,8.011,7.991,7.888,7.964,9.361,6.07,6.329,7.518,7.972
ENSG100021,GENE0238,11.539,11.473,11.214,11.639,11.642,11.386,10.019,9.81,9.558,9.939,9.761,9.728
ENSG100022,GENE0175,10.94,8.552,9.181,9.321,9.822,9.889,9.126,9.444,9.52,11.54,11.14,9.793
ENSG100023,GENE0214,6.417,5.862,5.326,6.591,5.969,6.614,5.543,6.136,6.779,6.932,6.969,5.741
ENSG100024,GENE0212,10.119,9.593,10.049,9.844,9.41,9.747,9.964,10.042,9.803,10.334,10.168,9.766
ENSG100025,GENE0222,2.584,3.224,3.239,1.514,1.677,2.981,1.606,1.463,1.915,2.406,2.123,1.827
ENSG100026,TP53,2.527,2.495,2.355,5.002,3.341,3.834,2.682,2.936,2.494,0.871,1.938,1.575
ENSG100027,GENE0005,8.713,9.454,11.226,10.263,11.202,10.583,10.844,9.661,10.663,10.807,9.889,10.688
ENSG100028,GENE0142,10.219,9.725,9.471,9.444,10.006,10.113,9.617,9.98,10.221,10.242,10.655,10.533
ENSG100029,GENE0033,3.514,5.693,3.895,5.174,4.382,3.992,2.859,4.187,3.061,5.112,5.558,3.68
ENSG100030,GENE0087,7.461,6.939,6.988,7.702,7.288,8.193,7.062,7.816,7.357,7.713,7.08,7.282
ENSG100031,GENE0067,7.966,7.381,8.598,8.588,8.542,9.308,9.237,7.756,8.363,7.554,8.079,7.573
ENSG100032,MMP9,11.454,10.852,10.573,11.25,9.637,9.712,11.059,10.706,10.797,10.042,10.666,11.638
ENSG100033,GENE0197,8.57,8.142,7.744,7.773,6.638,8.2,10.853,9.269,9.867,9.543,9.668,10.335
ENSG100034,GENE0171,5.004,6.456,6.531,5.991,4.791,5.589,6.789,4.631,5.939,5.491,6.559,5.762
ENSG100035,GENE0200,5.93,6.005,6.595,5.647,5.917,5.051,6.295,5.388,5.481,5.731,5.015,5.848
ENSG100036,GENE0139,7.064,6.503,4.937,6.156,6.876,4.696,5.365,6.988,6.484,6.602,7.806,6.649
ENSG100037,RPL13A,8.791,9.638,8.431,8.19,8.696,8.7,8.302,8.093,9.472,8.654,8.217,8.897
ENSG100038,GENE0224,10.637,10.586,10.872,10.222,10.799,11.346,10.838,10.543,10.497,10.531,10.586,10.542
ENSG100039,VEGFA,7.002,5.663,6.974,6.347,6.729,5.97,7.21,7.168,7.024,5.774,6.958,6.743
ENSG100040,EGFR,3.306,4.461,4.745,4.885,4.608,4.691,5.555,5.374,2.384,4.246,4.358,3.198
ENSG100041,GENE0042,4.441,5.346,3.514,4.631,3.648,3.84,5.526,3.941,4.729,2.899,5.828,4.839
ENSG100042,GENE0041,9.296,9.978,8.192,10.524,9.169,9.277,6.294,6.214,7.361,6.966,7.322,6.728
ENSG100043,GENE0009,10.411,9.966,11.231,9.417,10.768,10.819,9.759,11.231,10.641,10.63,10.179,10.062
ENSG100044,GENE0174,2.939,3.266,3.816,3.152,2.556,3.502,3.555,3.409,3.459,2.905,2.547,2.58
ENSG100045,BRCA2,2.041,2.756,2.634,2.497,1.536,2.189,4.856,4.174,4.566,3.897,4.978,4.373
ENSG100046,GENE0215,8.131,9.444,8.922,7.747,7.562,7.734,8.273,7.876,7.689,8.891,7.871,9.427
ENSG100047,GENE0084,3.543,5.066,3.783,4.327,2.811,2.695,3.875,4.35,3.498,2.306,2.239,2.179
ENSG100048,GENE0210,8.973,10.326,11.057,10.237,8.618,10.109,10.129,11.757,9.197,9.965,11.476,10.571
ENSG100049,GENE0090,5.474,5.179,5.32,5.614,4.571,5.68,4.201,5.319,5.221,4.698,5.088,4.694
ENSG100050,ACTB,2.865,3.249,2.848,3.612,2.823,3.82,2.806,3.136,3.104,4.148,3.616,3.325
ENSG100051,GENE0021,11.633,9.42,11.173,12.906,11.322,11.267,11.675,11.97,9.513,9.781,11.388,10.603
ENSG100052,GENE0161,4.44,3.467,2.498,2.897,2.011,3.515,3.543,3.401,4.301,4.372,3.553,2.378
ENSG100053,SMAD4,5.082,5.059,4.965,5.221,4.404,5.612,4.482,5.132,4.205,4.493,5.424,4.748
ENSG100054,GENE0037,3.972,3.659,3.482,4.244,3.413,2.612,3.119,3.822,3.741,2.722,3.16,3.234
ENSG100055,PGR,3.031,2.687,2.941,2.907,3.417,3.43,3.105,3.021,3.203,2.877,2.765,2.835
ENSG100056,GENE0016,1.944,1.721,2.28,2.519,1.543,2.222,2.119,2.355,2.206,1.599,1.68,2.224
ENSG100057,CD4,2.873,1.866,2.661,2.923,2.506,2.725,2.336,2.517,2.05,1.826,2.847,2.248
ENSG100058,GENE0109,3.486,2.953,2.94,3.647,3.329,3.963,4.005,3.93,3.883,4.649,3.136,3.715
ENSG100059,GENE0179,3.305,3.395,1.566,2.321,3.458,2.88,2.667,2.386,2.273,2.73,2.362,2.505
ENSG100060,JUN,7.951,7.568,8.181,9.386,7.012,8.075,7.527,8.204,7.935,8.297,8.506,8.009
ENSG100061,GENE0162,9.432,7.513,9.685,9.014,9.402,8.133,8.348,8.888,8.798,8.963,9.406,7.832
ENSG100062,GENE0113,6.789,5.944,5.758,4.648,6.377,3.823,6.504,4.63,5.983,5.832,6.96,5.78
ENSG100063,GENE0221,4.658,4.799,6.136,5.583,4.89,5.002,4.003,5.472,3.858,5.745,5.277,6.973
ENSG100064,GENE0023,6.358,6.981,8.168,7.789,6.61,7.185,7.047,7.221,6.609,6.989,6.047,7.13
ENSG100065,GENE0093,10.962,10.643,9.99,11.215,10.922,10.408,10.618,10.044,10.267,10.497,11.328,10.449
ENSG100066,GENE0137,11.048,10.06,10.719,10.393,11.243,10.063,12.495,12.655,13.367,12.766,14.157,13.423
ENSG100067,GENE0036,3.482,1.668,2.525,1.937,2.217,2.497,1.409,2.539,3.274,2.235,2.549,2.887
ENSG100068,GENE0045,3.734,3.527,2.688,4.132,3.759,3.313,3.878,3.526,3.553,4.115,3.152,4.334
ENSG100069,GENE0173,3.186,3.807,5.993,5.321,4.45,3.572,3.92,4.429,4.399,4.291,4.341,4.186
ENSG100070,GENE0089,3.603,4.175,5.059,3.649,4.377,3.987,4.563,4.254,5.406,4.807,3.684,4.909
ENSG100071,GENE0199,7.135,7.282,7.946,7.346,8.378,7.135,7.251,7.223,7.291,8.532,8.181,8.987
ENSG100072,GENE0075,7.647,5.488,6.209,5.393,5.654,5.75,2.777,2.78,3.374,2.673,4.02,2.868
ENSG100073,GENE0240,4.437,2.18,2.542,1.596,3.673,3.267,2.698,1.56,2.638,1.716,3.505,3.053
ENSG100074,GENE0030,5.782,4.568,5.264,6.066,6.318,6.268,4.973,5.881,6.223,4.941,5.732,5.867
ENSG100075,GENE0011,7.104,6.414,7.093,7.092,7.172,6.987,7.04,7.22,7.434,7.102,7.055,7.279
ENSG100076,GENE0146,2.069,3.252,3.016,3.036,3.491,2.053,2.043,3.152,3.013,3.101,2.789,3.345
ENSG100077,GENE0130,10.701,10.525,10.232,9.506,10.637,10.815,10.588,9.989,10.6,10.673,10.948,9.99
ENSG100078,CDH1,2.333,3.136,2.567,1.598,2.862,2.997,2.592,2.701,2.306,3.739,1.777,2.035
ENSG100079,GENE0239,11.254,11.661,10.545,10.633,10.291,11.264,10.723,11.068,11.559,10.947,11.357,11.108
ENSG100080,GENE0003,3.419,3.294,2.55,2.884,3.656,3.242,2.101,3.409,2.3,3.891,3.643,3.176
ENSG100081,GENE0079,10.558,10.274,10.962,10.148,10.618,11.112,10.0,9.958,9.51,9.611,9.018,11.002
ENSG100082,GENE0190,12.42,12.124,9.774,11.585,12.122,10.675,14.508,12.883,14.636,13.611,14.584,13.228
ENSG100083,GENE0227,12.101,12.373,11.355,11.156,10.582,11.646,11.468,10.922,12.051,11.542,11.19,11.483
ENSG100084,GENE0091,10.648,10.373,9.944,10.383,9.34,10.039,10.107,9.745,10.275,9.563,10.319,10.344
ENSG100085,GENE0207,7.179,10.862,7.062,9.242,10.714,9.51,8.48,8.814,10.716,8.072,10.807,9.745
ENSG100086,GENE0059,7.584,8.014,7.708,9.035,8.941,7.213,4.473,4.149,5.669,3.806,5.888,4.734
ENSG100087,HSP90AA1,8.873,9.256,9.158,8.785,9.865,8.821,8.07,9.49,8.368,9.197,9.073,9.103
ENSG100088,GENE0100,5.029,3.393,3.552,1.851,2.795,3.527,2.483,4.11,2.333,3.105,2.852,3.484
ENSG100089,GENE0187,6.866,7.151,7.178,6.793,7.735,7.545,4.63,4.366,5.314,4.516,4.461,4.779
ENSG100090,GENE0143,7.84,6.591,7.459,6.364,7.232,7.79,7.343,7.212,6.912,7.155,7.039,6.819
ENSG100091,NOS2,10.391,10.702,10.087,10.062,9.709,10.825,10.923,10.723,11.191,10.632,10.826,10.769
ENSG100092,GENE0133,6.595,6.436,7.428,6.465,6.388,6.785,6.719,6.121,7.033,6.594,6.227,7.057
ENSG100093,GENE0085,6.284,4.976,7.08,6.307,5.844,6.951,5.961,5.831,5.394,6.253,6.181,5.861
ENSG100094,MKI67,7.706,8.509,8.335,7.231,7.11,8.889,6.124,8.575,7.978,9.538,7.965,8.972
ENSG100095,RB1,4.423,4.734,5.112,4.384,5.27,4.061,4.844,5.225,5.066,5.829,4.201,3.827
ENSG100096,HPRT1,2.841,3.767,3.676,3.455,2.769,3.827,2.712,4.046,4.997,3.603,3.724,3.122
ENSG100097,GENE0196,6.197,6.585,6.427,6.314,7.333,6.866,6.901,6.679,6.723,7.089,6.768,6.949
ENSG100098,GENE0094,5.997,5.869,4.937,4.437,5.94,6.218,5.042,6.139,6.216,4.281,5.367,6.526
ENSG100099,GENE0001,4.466,3.908,4.383,4.696,4.607,4.291,6.985,6.927,7.323,7.225,7.382,7.202
ENSG100100,GENE0025,5.941,5.706,5.93,5.958,5.414,5.088,6.176,5.758,5.119,5.443,5.926,5.584
ENSG100101,GENE0056,5.435,6.291,5.195,5.307,5.759,5.839,3.942,4.128,3.809,3.939,3.604,3.748
ENSG100102,GENE0226,5.311,5.348,5.537,5.463,5.29,5.0,9.117,9.084,9.159,9.842,8.916,9.237
ENSG100103,GENE0144,6.407,5.851,7.134,5.578,5.98,5.337,5.593,5.937,6.28,5.978,6.516,5.74
ENSG100104,GENE0073,8.655,10.506,9.098,8.419,8.434,8.283,9.428,8.635,8.935,8.819,9.303,8.341
ENSG100105,GENE0076,4.444,5.078,5.262,5.131,4.574,5.299,4.606,4.714,4.509,5.603,5.278,5.264
ENSG100106,GENE0105,11.901,12.418,10.924,11.244,11.285,11.207,11.132,11.39,11.086,11.599,11.506,11.648
ENSG100107,GENE0112,11.35,11.385,11.026,11.942,11.25,10.48,10.796,10.525,11.17,11.119,10.992,11.901
ENSG100108,E2F1,7.1,7.194,6.315,6.279,6.829,6.901,5.824,6.713,6.817,6.695,6.377,6.523
ENSG100109,GENE0158,5.224,5.314,5.487,5.647,5.185,5.13,5.431,5.489,5.138,5.549,5.613,5.718
ENSG100110,GENE0208,8.633,6.731,7.364,7.362,7.284,6.888,6.286,7.421,6.802,7.416,6.783,6.564
ENSG100111,GENE0157,10.585,10.55,10.731,11.413,10.603,10.691,10.028,9.94,11.157,10.094,10.043,10.469
ENSG100112,GENE0119,8.482,8.092,8.379,9.118,8.138,7.855,12.03,11.814,11.278,10.815,11.218,11.55
ENSG100113,GENE0129,10.669,9.488,9.999,10.406,8.766,10.599,9.41,10.222,10.176,10.626,10.339,8.769
ENSG100114,GENE0154,6.896,7.403,7.22,7.59,7.761,7.662,10.54,9.643,10.408,10.887,10.059,11.005
ENSG100115,GATA3,8.603,8.367,7.407,7.944,8.897,8.165,7.732,8.701,8.333,8.662,8.413,8.467
ENSG100116,GENE0203,5.015,5.138,5.718,5.238,4.301,5.046,5.301,5.323,4.725,5.309,5.222,5.826
ENSG100117,GENE0048,8.736,8.934,9.099,8.948,8.621,7.09,11.99,12.647,11.942,13.928,12.356,13.401
ENSG100118,GENE0183,4.103,4.273,4.108,4.436,4.041,4.173,4.134,3.937,4.146,4.696,3.943,4.15
ENSG100119,GENE0097,9.709,9.638,8.955,7.506,9.261,7.605,9.837,9.05,9.553,8.402,8.009,9.106
ENSG100120,BCL2,10.587,10.315,10.657,12.25,11.103,11.23,11.108,11.486,10.494,9.387,10.495,11.089
ENSG100121,APC,2.836,3.233,2.975,4.072,3.696,3.647,3.632,3.302,3.42,2.729,2.228,3.396
ENSG100122,GENE0029,8.325,8.82,9.022,9.021,7.586,7.947,12.374,13.52,12.932,12.731,11.889,11.612
ENSG100123,GENE0072,3.557,2.105,2.768,2.863,4.175,2.678,1.077,3.339,2.414,2.984,2.884,2.741
ENSG100124,GENE0167,9.893,8.024,8.841,9.808,8.763,7.963,9.795,10.161,9.221,7.679,9.825,7.921
ENSG100125,GENE0152,2.986,2.44,2.316,2.643,2.761,2.551,3.114,2.641,3.292,2.973,2.527,2.45
ENSG100126,GENE0053,10.546,11.503,11.184,10.189,11.095,10.915,9.39,7.772,7.901,9.16,9.282,8.245
ENSG100127,GENE0151,3.092,3.649,2.337,2.545,3.249,4.065,3.18,3.419,3.879,4.313,3.117,3.367
ENSG100128,GENE0170,12.66,10.694,12.193,10.99,11.649,11.446,14.401,14.386,15.126,15.549,14.887,15.005
ENSG100129,GENE0114,10.414,9.319,10.534,10.591,11.857,9.742,9.684,10.555,10.59,9.629,9.723,10.393
ENSG100130,GENE0191,7.575,7.757,7.976,8.372,7.673,7.132,7.099,7.387,7.363,7.869,7.417,7.63
ENSG100131,GENE0020,9.44,9.607,10.485,10.156,9.834,9.596,9.61,9.99,10.117,9.374,9.844,8.814
ENSG100132,GENE0163,10.133,10.605,9.711,11.51,9.195,10.138,9.92,9.865,9.853,10.043,10.679,11.134
ENSG100133,GENE0007,11.46,11.729,11.229,11.712,11.209,11.819,12.188,11.42,10.739,11.28,11.866,11.642
ENSG100134,PIK3CA,4.677,5.115,4.813,5.236,5.064,5.411,4.741,5.056,4.357,4.187,5.518,4.658
ENSG100135,GENE0115,8.486,7.991,7.474,7.909,8.945,8.304,6.657,7.744,9.196,7.745,6.592,9.277
ENSG100136,GENE0120,3.217,2.923,2.806,3.373,2.739,3.399,3.162,3.046,3.007,2.882,3.359,2.613
ENSG100137,PCNA,7.629,8.363,8.369,8.319,8.296,8.056,8.42,8.147,8.002,8.059,8.825,7.592
ENSG100138,GENE0228,3.904,3.07,3.671,3.547,2.915,3.862,3.567,2.909,4.034,4.262,4.284,3.85
ENSG100139,GENE0232,7.689,8.78,9.082,8.615,6.848,7.821,8.024,6.109,8.049,9.584,8.194,8.904
ENSG100140,MYC,7.78,7.702,7.841,7.475,7.43,8.111,8.144,7.421,8.02,7.698,7.828,7.865
ENSG100141,GENE0086,7.071,6.694,7.242,6.788,6.918,6.316,4.669,3.971,4.072,3.113,3.437,4.288
ENSG100142,COL1A1,7.318,6.616,7.557,7.053,7.676,7.198,4.691,5.002,4.34,4.31,4.563,4.89
ENSG100143,GENE0008,9.152,9.028,9.941,9.418,9.496,8.959,9.39,9.636,9.98,9.357,10.246,9.388
ENSG100144,GENE0138,9.533,11.026,10.135,9.621,9.888,10.902,10.978,9.443,9.964,10.053,9.33,9.955
ENSG100145,GENE0035,6.924,7.429,7.459,6.775,6.826,7.217,8.223,8.746,8.444,8.052,8.058,9.128
ENSG100146,GENE0099,7.896,9.048,7.666,8.183,9.531,7.318,6.778,8.821,7.466,7.983,7.62,8.168
ENSG100147,GENE0219,10.691,11.195,11.607,10.653,10.854,11.085,10.378,11.036,11.39,11.051,11.135,11.299
ENSG100148,GENE0065,2.666,3.757,4.36,2.821,3.59,3.003,3.493,4.465,3.609,1.761,3.565,4.196
ENSG100149,GENE0013,3.104,3.473,2.962,2.721,3.214,2.639,3.098,3.561,2.593,2.784,2.858,3.152
ENSG100150,GENE0074,2.58,4.013,3.652,3.279,2.995,3.196,2.177,3.573,1.974,3.555,3.84,3.048
ENSG100151,GENE0236,8.46,8.847,6.657,8.782,8.503,8.545,9.053,8.528,7.813,8.484,8.624,8.656
ENSG100152,GENE0106,6.25,6.599,5.754,6.256,6.699,5.496,6.258,5.953,6.039,5.826,6.119,6.918
ENSG100153,BAX,8.777,8.85,8.749,11.063,9.39,9.724,9.436,9.022,9.564,11.621,10.806,9.092
ENSG100154,GENE0102,9.239,8.036,7.268,9.541,9.656,9.563,8.33,8.577,9.322,9.031,8.392,7.396
ENSG100155,GENE0103,5.388,5.825,4.794,5.625,5.486,5.676,5.731,5.022,4.605,5.095,5.739,5.091
ENSG100156,GENE0096,10.393,9.433,12.476,11.687,11.639,11.807,11.475,10.776,10.844,10.62,13.227,11.457
ENSG100157,GENE0217,9.36,9.892,9.046,10.487,9.247,9.912,10.236,9.846,9.679,9.632,9.593,9.295
ENSG100158,GENE0121,4.408,5.685,4.633,4.185,4.364,5.434,5.153,5.076,4.535,5.085,4.279,4.533
ENSG100159,GENE0062,6.506,6.421,4.767,4.88,5.739,7.18,3.936,5.89,4.416,5.077,5.317,5.267
ENSG100160,GENE0233,4.868,5.148,4.868,4.388,5.548,5.534,5.58,4.348,5.299,5.494,4.611,5.149
ENSG100161,GENE0071,3.485,5.028,5.092,2.265,5.541,2.855,4.349,4.341,2.792,3.965,3.491,4.013
ENSG100162,GENE0049,3.591,4.065,3.515,3.395,4.016,3.763,3.837,3.151,2.965,3.199,3.173,3.864
ENSG100163,GENE0209,12.122,11.24,12.477,12.428,11.551,10.721,12.589,11.314,11.46,11.097,10.668,10.216
ENSG100164,GENE0022,6.797,5.862,8.4,5.662,5.549,6.716,7.389,6.422,6.757,5.161,5.932,5.67
ENSG100165,GENE0110,5.019,5.883,4.869,5.265,5.602,5.476,6.004,5.965,6.217,6.157,6.324,5.832
ENSG100166,GENE0148,9.463,9.577,9.375,9.079,9.115,8.848,12.786,12.503,12.191,12.191,11.891,13.091
ENSG100167,ESR1,7.568,7.107,7.927,7.255,6.84,8.031,7.266,7.329,7.55,8.09,7.54,6.942
ENSG100168,GENE0122,11.55,11.193,12.016,11.361,10.586,11.485,12.036,11.908,11.996,11.008,11.678,11.111
ENSG100169,VIM,9.874,9.398,9.598,9.588,10.089,10.058,9.891,9.374,9.704,9.566,10.079,10.178
ENSG100170,GENE0186,7.33,6.41,5.402,5.896,7.516,6.59,6.412,7.628,7.436,6.806,6.645,6.727
ENSG100171,GENE0027,5.834,6.262,5.895,5.99,6.128,5.399,5.999,5.672,4.98,5.101,5.447,5.929
ENSG100172,B2M,11.912,11.94,12.645,11.36,11.855,11.988,11.572,11.878,11.227,12.429,11.594,12.677
ENSG100173,STAT3,9.154,9.933,9.138,9.155,8.748,9.265,9.411,8.601,9.086,8.729,10.868,9.112
ENSG100174,GENE0047,12.632,11.37,11.7,10.554,11.188,11.665,12.662,11.673,12.515,11.976,12.692,11.469
ENSG100175,GENE0198,4.961,2.824,2.615,2.286,4.917,3.794,2.936,4.113,3.696,4.646,2.035,2.988
ENSG100176,GENE0061,10.279,9.538,11.025,10.373,10.868,11.662,10.332,10.299,10.564,10.989,10.227,10.196
ENSG100177,GENE0081,9.252,8.687,6.665,7.349,9.623,8.706,7.735,8.229,8.382,8.984,7.238,7.669
ENSG100178,GENE0235,3.398,3.154,3.595,2.412,3.454,3.936,3.539,3.311,3.156,2.671,3.172,4.046
ENSG100179,GENE0166,7.838,7.548,7.698,7.958,7.742,8.065,8.079,8.216,8.417,8.257,7.532,7.543
ENSG100180,GENE0069,8.832,8.687,8.421,8.69,8.678,8.601,8.739,9.316,8.938,9.816,8.927,8.749
ENSG100181,GENE0205,2.126,2.307,2.435,3.61,1.518,2.738,2.272,0.998,2.675,3.03,1.509,2.117
ENSG100182,GENE0188,5.847,6.035,6.966,6.355,6.095,6.636,6.332,6.353,6.842,6.074,6.178,6.605
ENSG100183,GENE0032,10.84,11.002,9.852,10.821,9.78,11.358,9.569,11.057,9.857,11.471,10.611,9.64
ENSG100184,GENE0126,4.486,5.653,5.896,4.89,4.994,5.632,5.072,3.796,4.226,5.164,6.042,6.4
ENSG100185,TGFB1,6.821,6.672,6.812,6.384,6.539,6.336,10.172,10.65,10.605,10.757,10.714,10.623
ENSG100186,GENE0150,6.596,6.41,6.551,6.198,6.538,6.63,6.216,6.439,6.23,6.26,6.074,6.815
ENSG100187,GENE0088,5.974,5.501,6.786,4.85,7.735,4.815,5.248,4.663,5.353,5.768,4.917,6.611
ENSG100188,TNF,11.34,11.36,10.593,11.457,11.097,10.789,10.679,12.923,11.013,10.236,10.73,11.151
ENSG100189,GENE0145,10.019,10.022,10.067,9.57,9.941,9.483,9.58,9.468,9.366,10.213,10.072,10.18
ENSG100190,GENE0159,3.139,3.757,1.629,3.829,3.254,3.632,7.379,6.233,5.804,6.463,7.534,7.639
ENSG100191,KRAS,10.837,11.158,11.371,11.674,10.842,10.793,14.733,15.485,14.436,15.318,16.29,14.336
ENSG100192,GENE0026,10.664,11.429,10.532,10.435,11.515,10.602,11.479,11.059,10.579,11.09,10.991,11.427
ENSG100193,GENE0172,4.47,4.867,4.798,5.313,4.149,5.524,5.153,3.953,5.652,6.343,5.513,5.8
ENSG100194,GENE0117,10.409,9.598,9.513,10.487,10.094,9.945,14.264,14.579,13.62,14.085,14.994,13.795
ENSG100195,GENE0127,3.351,2.904,3.244,3.427,3.309,3.365,2.684,3.432,2.783,3.15,3.149,3.224
ENSG100196,GENE0169,12.212,11.437,11.105,12.564,12.113,12.746,8.017,7.123,8.681,7.803,8.271,7.621
ENSG100197,GENE0168,9.441,8.239,8.496,8.708,8.136,8.814,9.425,8.423,8.845,7.346,8.638,8.508
ENSG100198,GENE0180,7.93,9.256,8.273,8.377,8.238,7.163,7.711,9.172,7.028,7.966,8.222,9.719
ENSG100199,GENE0204,3.521,2.458,3.95,2.311,3.713,1.815,3.765,2.579,2.08,2.73,3.127,2.508
ENSG100200,GENE0201,11.143,10.789,11.163,11.108,10.951,10.833,12.803,12.927,13.397,13.048,13.059,13.716
ENSG100201,GENE0184,2.629,2.609,2.753,1.627,1.998,1.957,2.716,2.175,2.381,3.005,2.857,2.184
ENSG100202,GENE0206,4.114,4.906,4.748,3.704,4.271,4.481,0.992,1.049,0.775,0.907,0.678,0.354
ENSG100203,GENE0019,3.215,3.446,3.402,1.876,3.103,3.477,3.198,3.227,3.832,2.541,2.088,3.143
ENSG100204,SOD1,10.113,10.531,10.121,9.104,9.663,9.884,9.848,10.012,9.353,9.797,9.958,10.141
ENSG100205,GENE0060,3.445,3.752,2.18,3.568,3.633,3.303,4.092,3.945,2.476,4.126,3.363,4.306
ENSG100206,GENE0218,10.296,11.125,10.927,11.298,11.185,10.945,11.654,11.691,12.256,12.619,12.24,13.02
ENSG100207,GENE0055,8.413,8.044,8.413,8.684,8.737,9.573,8.203,8.523,8.792,8.55,8.294,7.73
ENSG100208,GENE0111,2.001,1.603,1.142,1.799,1.622,2.774,2.786,1.723,2.178,1.049,2.012,2.644
ENSG100209,GENE0024,2.661,1.53,2.828,0.94,1.137,2.576,3.283,2.417,2.025,0.44,0.567,2.149
ENSG100210,GENE0064,2.287,1.809,2.559,2.59,3.121,2.604,3.303,2.522,2.443,3.198,1.89,4.318
ENSG100211,CAT,8.343,8.347,8.456,9.477,8.658,6.847,9.119,7.802,8.14,7.093,8.457,7.567
ENSG100212,GENE0044,10.104,9.762,11.728,11.779,10.056,10.072,9.682,10.999,9.722,9.64,10.886,9.536
ENSG100213,GENE0031,4.365,3.513,4.774,5.456,4.783,5.192,3.919,4.516,3.865,4.26,4.811,4.442
ENSG100214,GENE0140,9.634,9.694,9.653,10.793,11.75,11.323,9.34,11.359,11.064,9.553,10.31,11.161
ENSG100215,NOTCH1,2.742,2.17,2.76,1.915,2.504,2.922,2.578,2.419,2.846,2.872,2.975,2.841
ENSG100216,GENE0192,10.851,10.58,10.216,10.079,9.825,9.067,9.267,9.79,10.197,11.13,9.977,10.79
ENSG100217,GENE0147,11.939,11.136,11.642,11.129,12.087,11.667,10.549,11.377,12.287,11.167,11.552,11.612
ENSG100218,GENE0028,9.156,9.999,8.962,9.38,10.307,9.915,9.555,9.964,9.688,9.728,10.079,9.325
ENSG100219,GENE0141,8.996,8.87,8.416,8.653,9.54,9.118,8.509,8.432,8.941,9.538,8.915,9.447
ENSG100220,GENE0083,10.673,10.773,9.266,11.162,10.101,11.099,9.701,10.527,10.673,10.251,10.717,10.158
ENSG100221,GENE0052,2.053,3.264,2.965,1.993,2.707,2.003,4.262,5.453,3.983,5.396,4.762,4.784
ENSG100222,GENE0160,4.309,4.43,3.431,4.527,4.098,3.127,7.352,8.453,8.662,7.982,6.628,7.821
ENSG100223,GENE0014,3.581,3.532,3.555,3.391,3.221,3.012,4.73,5.602,5.542,5.687,4.949,5.721
ENSG100224,GENE0177,8.847,7.114,6.991,7.316,8.828,6.148,7.224,6.344,6.566,7.002,8.227,8.625
ENSG100225,FOXP3,9.634,9.299,10.467,9.278,9.219,8.729,10.02,9.846,10.436,8.886,10.045,9.48
ENSG100226,GENE0092,8.638,7.609,8.916,8.63,8.284,8.571,7.979,8.057,8.106,7.522,8.662,8.8
ENSG100227,GENE0034,9.939,10.795,10.295,10.779,10.0,9.791,11.369,10.459,12.16,10.549,9.756,11.512
ENSG100228,GENE0193,4.087,4.168,4.561,2.999,3.444,3.407,2.458,3.329,4.685,3.753,2.411,2.233
ENSG100229,GENE0156,10.058,9.308,9.07,9.229,8.715,9.954,9.178,9.93,9.368,9.957,9.456,9.711
ENSG100230,GENE0213,4.349,4.293,4.133,3.795,5.045,3.403,3.933,3.939,4.165,3.681,4.114,3.832
ENSG100231,GENE0128,3.537,4.715,3.893,3.424,4.809,5.069,5.097,5.127,3.277,3.7,6.168,3.933
ENSG100232,GENE0006,9.604,8.531,9.165,8.575,9.563,9.212,6.362,5.864,6.954,5.73,7.086,8.905
ENSG100233,GENE0223,12.514,12.181,11.757,10.779,11.105,12.479,11.386,11.433,11.715,11.242,11.155,11.775
ENSG100234,GENE0040,7.571,7.663,7.639,8.434,7.974,8.006,8.48,8.029,7.946,8.403,8.523,8.026
ENSG100235,GENE0012,2.605,1.963,1.904,3.118,2.876,2.884,2.754,2.579,3.064,3.242,3.224,2.47
ENSG100236,GENE0211,9.188,8.332,8.63,8.371,8.346,7.62,8.681,10.265,7.886,8.216,7.833,7.803
ENSG100237,GENE0010,3.612,1.905,2.059,1.201,1.84,1.108,2.91,4.579,2.141,1.14,3.116,1.864
ENSG100238,GENE0095,11.676,10.66,10.436,10.727,11.328,10.695,10.523,10.714,10.025,11.096,9.694,10.556
ENSG100239,GENE0182,9.371,9.206,9.31,9.072,9.52,9.431,9.258,9.432,9.368,8.936,8.608,9.248
ENSG100240,GENE0066,4.191,4.65,2.943,2.968,4.119,3.671,0.0,0.254,0.0,0.0,1.077,1.475
ENSG100241,GENE0118,1.921,2.647,2.952,4.377,2.513,2.526,4.186,2.61,3.509,1.707,2.777,1.557
ENSG100242,GENE0165,3.013,4.489,3.796,3.587,3.252,3.663,4.07,4.601,1.791,3.188,3.959,3.758
ENSG100243,GENE0230,11.945,11.897,11.691,11.611,11.712,12.214,11.537,11.778,11.866,12.362,11.692,12.145
ENSG100244,GENE0058,7.106,6.559,6.497,6.447,6.477,6.947,6.683,6.685,6.11,6.177,7.492,6.51
ENSG100245,GENE0015,9.263,10.909,10.051,10.272,9.738,9.603,9.714,8.809,9.775,10.062,11.222,9.905
ENSG100246,GENE0189,7.631,8.335,9.224,8.636,8.11,8.55,8.131,7.939,8.255,8.393,7.776,8.003
ENSG100247,AKT1,7.733,7.362,8.075,6.646,8.358,6.674,9.182,6.201,6.754,8.095,9.201,8.004
ENSG100248,GENE0057,3.748,3.461,2.911,3.193,2.813,2.778,3.663,2.86,3.619,2.766,3.607,3.194
ENSG100249,SNAI1,12.489,11.697,12.364,10.907,11.501,10.742,11.158,11.268,10.929,10.571,10.426,9.749
ENSG100250,GENE0098,4.134,5.536,3.683,3.874,6.504,4.484,5.281,5.548,5.565,3.746,4.821,3.666
ENSG100251,GENE0004,9.093,6.924,7.218,7.222,6.977,8.506,9.08,7.525,7.071,6.579,7.649,7.61
ENSG100252,GENE0164,8.678,9.107,9.192,9.157,8.842,8.456,9.325,9.004,9.434,9.386,8.299,8.293
ENSG100253,GENE0124,7.99,7.79,8.995,8.726,9.224,8.756,8.631,9.29,8.805,8.538,9.477,8.569
ENSG100254,GENE0185,11.209,10.863,11.862,12.208,11.373,12.254,10.128,11.37,11.38,10.934,12.952,11.363
ENSG100255,BRCA1,3.262,3.499,2.392,3.07,4.021,3.141,3.032,4.199,4.215,3.766,3.236,3.354
ENSG100256,NFKB1,6.552,6.426,6.393,6.675,6.4,6.05,7.229,7.239,8.208,6.642,7.279,7.29
ENSG100257,GENE0063,5.822,6.681,6.708,6.322,5.82,5.732,4.862,5.346,5.505,5.072,6.419,7.071
ENSG100258,MTOR,6.214,6.906,6.141,6.565,6.341,7.091,6.348,7.329,6.599,6.365,6.014,6.889
ENSG100259,GENE0108,3.566,3.306,4.128,3.79,3.064,3.059,3.389,2.842,3.68,3.343,3.299,3.479
ENSG100260,GENE0017,4.248,3.431,3.281,4.135,3.85,3.172,3.344,3.444,3.531,2.627,2.529,2.874
ENSG100261,GENE0149,4.263,4.435,5.121,4.69,4.886,4.124,4.533,5.096,5.1,4.392,4.867,5.96
ENSG100262,CASP3,5.04,4.785,4.981,5.082,4.99,5.035,4.5,4.683,4.99,4.984,4.833,4.98
ENSG100263,GENE0070,6.303,6.633,6.24,6.438,6.064,6.507,6.428,6.623,6.563,6.513,6.24,6.376
ENSG100264,GENE0046,8.866,7.646,7.663,8.239,8.405,7.524,8.057,8.043,6.535,7.954,7.998,7.996
ENSG100265,GENE0153,9.059,7.734,7.931,7.031,8.104,8.147,8.089,8.904,8.78,8.386,8.16,8.863
ENSG100266,HIF1A,6.101,5.404,4.62,5.733,6.777,8.105,6.172,5.45,5.084,6.6,4.578,6.599
ENSG100267,GENE0220,6.453,6.282,5.99,6.34,6.164,5.741,6.913,5.931,6.434,5.009,6.657,6.743
ENSG100268,GENE0101,4.187,4.377,4.377,3.945,4.373,3.886,3.958,4.581,4.527,3.922,3.913,3.944
ENSG100269,ERBB2,8.434,7.131,8.151,8.445,7.817,8.643,7.654,7.722,7.148,8.648,7.307,8.146
ENSG100270,CD8A,5.111,4.298,4.666,6.316,5.338,4.334,5.423,5.049,8.033,5.407,4.855,6.347
ENSG100271,IL10,1.501,2.405,3.292,2.306,1.551,2.176,0.693,0.189,0.0,0.0,0.0,0.182
ENSG100272,GENE0050,6.748,6.627,6.376,5.623,5.625,6.409,5.617,6.089,6.312,5.705,5.753,6.144
ENSG100273,GENE0078,6.949,7.178,6.991,6.772,6.434,6.301,8.341,8.72,8.69,7.687,8.228,9.047
ENSG100274,GENE0131,4.305,3.387,5.701,4.238,4.492,4.501,4.031,3.81,5.557,4.871,4.76,4.609
ENSG100275,CDKN2A,7.142,8.467,7.235,7.889,6.772,6.539,7.91,7.254,6.569,8.039,8.956,8.532
ENSG100276,GENE0181,7.54,7.662,8.062,8.169,7.501,7.673,7.795,7.91,7.597,7.603,8.286,8.209
ENSG100277,GENE0051,9.176,9.582,8.894,9.551,9.197,10.09,8.63,8.795,9.157,9.15,9.658,8.801
ENSG100278,GENE0136,9.012,9.164,8.894,7.914,9.309,9.203,8.833,8.6,8.613,8.433,8.857,8.498
ENSG100279,MDM2,7.781,7.606,7.866,8.719,8.501,8.713,8.963,7.975,9.808,8.29,8.145,8.947
ENSG100280,CCND1,3.892,4.615,5.841,3.961,5.935,6.207,4.907,5.364,5.936,4.839,5.762,4.698
ENSG100281,GENE0123,9.589,9.397,10.079,10.566,9.764,9.115,9.228,10.11,10.976,10.109,9.643,10.332
ENSG100282,FN1,7.404,7.353,7.14,8.008,6.561,7.784,7.322,7.341,8.112,7.23,7.242,7.444
ENSG100283,PTEN,6.501,6.115,5.604,5.923,6.893,6.348,3.441,3.119,2.939,3.994,3.152,3.037
ENSG100284,GENE0043,8.783,7.916,7.977,8.265,8.26,8.384,9.258,8.42,7.126,8.416,8.278,8.281
ENSG100285,GENE0116,5.793,5.585,5.567,6.072,5.195,4.887,7.901,5.063,5.683,4.472,5.695,4.898
ENSG100286,GENE0080,6.762,7.991,7.517,7.597,5.664,8.645,6.143,8.39,7.971,7.604,6.421,7.253
ENSG100287,GENE0229,8.971,9.391,9.157,7.653,10.31,9.299,8.959,8.896,9.669,8.615,7.47,9.709
ENSG100288,FOS,11.326,10.686,9.842,10.943,9.56,9.949,10.195,11.616,10.541,10.465,12.605,11.178
ENSG100289,CD44,11.512,10.882,10.68,9.266,12.072,11.609,11.051,11.089,11.865,9.828,10.686,10.2
ENSG100290,GENE0216,8.581,7.8,5.116,5.717,6.921,6.624,5.882,8.732,7.309,7.45,6.433,7.666
ENSG100291,GENE0104,7.072,7.106,7.412,6.644,7.751,7.265,10.263,9.454,9.507,9.425,9.909,9.846
ENSG100292,GENE0054,9.821,9.611,9.514,9.98,9.821,9.736,10.591,9.967,10.485,9.795,10.092,9.977
ENSG100293,GENE0178,4.325,5.834,5.079,5.505,4.782,5.065,7.861,8.876,8.43,8.457,8.935,8.838
ENSG100294,IL6,10.857,9.476,9.934,9.74,10.833,10.482,9.495,10.255,9.43,10.34,9.328,10.708
ENSG100295,GENE0082,7.077,7.625,7.245,6.79,7.234,6.441,6.597,7.061,6.168,6.928,6.576,6.978
ENSG100296,GENE0135,2.288,3.501,3.174,4.289,3.164,2.538,0.764,0.0,1.291,1.44,2.957,0.461
ENSG100297,CDK4,2.541,2.335,2.863,2.976,2.685,3.448,2.307,3.381,3.081,2.713,2.51,4.347
ENSG100298,GENE0038,9.909,10.606,9.951,11.537,10.975,9.996,7.406,7.247,6.762,7.56,7.329,7.22
ENSG100299,GENE0077,2.539,2.728,2.647,2.579,2.3,3.232,2.136,2.726,2.428,3.258,2.195,2.262
